{"train/log_pi_mean":-256.4697265625,"train/learning_rate":5e-05,"_timestamp":1.779883526410594e+09,"train/advantage_mean":15.46143627166748,"train/loss":4084.91845703125,"_step":50,"train/policy_loss":3965.390380859375,"_runtime":116.96860242,"train/reward_mean":1,"train/log_ref_mean":-3.2615432739257812,"train/valid_tokens_mean":1,"train/advantage_std":0,"train/grad_norm":115952.1796875,"train/value_loss":239.05601501464844,"train/kl_mean":-253.20819091796875,"_wandb":{"runtime":116}}