{"train/token_reward_mean":26.397981643676758,"train/advantage_std":6.560533046722412,"train/grad_norm":3957.536865234375,"train/learning_rate":5e-06,"train/loss":35.325477600097656,"train/valid_tokens_mean":2,"train/return_mean":34.927391052246094,"train/num_tokens":14,"train/reward_mean":1,"_step":4260,"train/advantage_mean":-2.4054622650146484,"train/kl_mean":-103.59192657470703,"train/log_pi_mean":-114.16461181640625,"_runtime":9609.542478558,"train/log_ref_mean":-10.572685241699219,"_wandb":{"runtime":9609},"train/policy_loss":10.912049293518066,"train/value_loss":48.82685470581055,"_timestamp":1.7800637428747747e+09}