{"train/learning_rate":5e-06,"train/log_ref_mean":-49.60926818847656,"train/advantage_mean":-5.47855281829834,"train/value_loss":41.23399353027344,"train/return_mean":0.0005243929917924106,"train/valid_tokens_mean":541,"train/token_reward_mean":1.9567319213820156e-06,"_runtime":118.230696559,"_timestamp":1.7802269518361256e+09,"train/num_tokens":2164,"train/log_pi_mean":-49.61138916015625,"train/grad_norm":1274.95068359375,"_wandb":{"runtime":118},"train/reward_mean":0,"train/kl_mean":-0.002117156982421875,"_step":1,"train/policy_loss":-0.7935971617698669,"train/loss":19.823400497436523,"train/advantage_std":3.349545478820801}