{"_runtime":9560.872848302,"train/learning_rate":5e-05,"train/policy_loss":187.97576904296875,"train/valid_tokens_mean":2,"train/grad_norm":21773.51171875,"train/kl_mean":-62.96457290649414,"train/reward_mean":1,"_wandb":{"runtime":9560},"train/loss":191.2428436279297,"_timestamp":1.7798931057724972e+09,"train/advantage_std":0,"_step":4260,"train/advantage_mean":2.5561976432800293,"train/log_pi_mean":-73.5372543334961,"train/value_loss":6.534146785736084,"train/log_ref_mean":-10.572685241699219}